Journal Name,Publisher,APC,Review Time,Scopus Status,Source URL
Breathe,European Respiratory Society,Free (MU Directory),Not Available,Indexed (Source File),https://breathe.ersjournals.com/
Journal of Pancreatology,Wolters Kluwer Health/LWW,Free (MU Directory),Not Available,Indexed (Source File),https://journals.lww.com/jpancreatology/pages/default.aspx
Central Asian Journal of Global Health,"University Library System, University of Pittsburgh",Free (MU Directory),Not Available,Not Indexed,http://cajgh.pitt.edu/
Spine Surgery and Related Research,The Japanese Society for Spine Surgery and Related Research,No APC (DOAJ),Not Available,Indexed (Source File),http://ssrr-journal.jp/
NSW Public Health Bulletin,Sax Institute,No APC (DOAJ),Not Available,Not Indexed,http://www.phrp.com.au/
POCUS Journal,CINQUILL Medical Publishers Inc.,No APC (DOAJ),Not Available,Not Indexed,https://pocusjournal.com/
Health Technology Assessment,NIHR Journals Library,Free (MU Directory),Not Available,Indexed (Source File),https://www.journalslibrary.nihr.ac.uk/hta/
The Ochsner Journal,Ochsner Clinic Foundation,No APC (DOAJ),Not Available,Not Indexed,http://www.ochsnerjournal.org/
Current Issues in Sport Science,Bern Open Publishing,No APC (DOAJ),Not Available,Not Indexed,https://bop.unibe.ch/ciss)
Journal of Psychosexual Health,SAGE Publishing,Free (MU Directory),Not Available,Not Indexed,https://journals.sagepub.com/home/ssh
The Internet Journal of Allied Health Sciences & Practice,Nova Southeastern University,No APC (DOAJ),Not Available,Not Indexed,http://nsuworks.nova.edu/ijahsp/
Australasian Journal of Neuroscience,Exeley Inc.,Free (MU Directory),Not Available,Not Indexed,https://www.exeley.com/journal/australasian_journal_of_neuroscience
Diversity of Research in Health Journal,Laurentian University Library & Archives,Free (MU Directory),Not Available,Not Indexed,https://pubs.biblio.laurentian.ca/index.php/drhj-rdrs
Brazilian Journal of Anesthesiology,Elsevier,No APC (DOAJ),Not Available,Not Indexed,https://www.journals.elsevier.com/brazilian-journal-of-anesthesiology
EXCLI Journal : Experimental and Clinical Sciences,"IfADo - Leibniz Research Centre for Working Environment and Human Factors, Dortmund",No APC (DOAJ),Not Available,Likely Indexed (Website),http://www.excli.de/
Dubai Diabetes and Endocrinology Journal,Karger Publishers,No APC (DOAJ),Not Available,Not Indexed,https://www.karger.com/dde
Journal of Pediatric and Neonatal Individualized Medicine,Hygeia Press di Corridori Marinella,No APC (DOAJ),Not Available,Likely Indexed (Website),http://www.jpnim.com/
Deutsche Zeitschrift für Sportmedizin,Dynamic Media Sales Verlag,No APC (DOAJ),Not Available,Likely Indexed (Website),https://www.germanjournalsportsmedicine.com/
Canadian Journal of Respiratory Therapy,Canadian Society of Respiratory Therapists,Free (MU Directory),Not Available,Indexed (Source File),https://www.cjrt.ca/
Bulletin of Faculty of Physical Therapy,SpringerOpen,Free (MU Directory),Not Available,Not Indexed,https://bfpt.springeropen.com/
Emergency Care Journal,PAGEPress Publications,  (DOAJ),Not Available,Likely Indexed (Website),https://www.pagepressjournals.org/index.php/ecj
Global Health Research and Policy,BMC,  (DOAJ),Not Available,Indexed (Website),http://ghrp.biomedcentral.com/
SA Heart Journal,South African Heart Association,Free (MU Directory),Not Available,Not Indexed,http://www.journals.ac.za/index.php/SAHJ
Precision Nanomedicine,Andover House Inc.,Free (MU Directory),Not Available,Not Indexed,https://precisionnanomedicine.com/
Psychoradiology,Oxford University Press,No APC (DOAJ),Not Available,Not Indexed,https://academic.oup.com/psyrad
Patient Safety,Patient Safety Authority,No APC (DOAJ),Not Available,Not Indexed,https://patientsafetyj.com/
Journal of Regional Medical Campuses,University of Minnesota Libraries Publishing,Free (MU Directory),Not Available,Not Indexed,https://pubs.lib.umn.edu/index.php/jrmc/index
The Egyptian Journal of Bronchology,SpringerOpen,Free (MU Directory),Not Available,Indexed (Website),https://ejb.springeropen.com/
Italian Journal of Medicine,PAGEPress Publications,No APC (DOAJ),Not Available,Indexed (Website),http://www.italjmed.org/
Pragmatic Case Studies in Psychotherapy,Rutgers University Libraries,No APC (DOAJ),Not Available,Not Indexed,http://pcsp.libraries.rutgers.edu/
Journal of Orthopaedic Translation,Elsevier,  (DOAJ),Not Available,Indexed (Source File),http://www.journals.elsevier.com/journal-of-orthopaedic-translation/
Healthcare in Low-resource Settings,PAGEPress Publications,Not Available,Not Available,Likely Indexed (Website),http://www.pagepressjournals.org/index.php/hls
Upsala Journal of Medical Sciences,Upsala Medical Society,  (DOAJ),Not Available,Indexed (Source File),https://ujms.net/index.php/ujms/index
Public Health Research & Practice,Sax Institute,  (DOAJ),Not Available,Not Indexed,http://www.phrp.com.au/
IHJ Cardiovascular Case Reports,Elsevier,No APC (DOAJ),Not Available,Not Indexed,https://www.journals.elsevier.com/ihj-cardiovascular-case-reports
Cardiovascular Innovations and Applications,Compuscript,No APC (DOAJ),Not Available,Indexed (Website),http://cvia-journal.org/
Canadian Medical Education Journal,Canadian Medical Education Journal,Free (MU Directory),Not Available,Not Indexed,http://www.cmej.ca/
European Medical Journal Dermatology,European Medical Journal,Free (MU Directory),Not Available,Not Indexed,https://www.emjreviews.com/therapeutic-area/dermatology/
Infectious Diseases and Tropical Medicine,Verduci Editore,  (DOAJ),Not Available,Indexed (Website),http://www.infectiousjournal.com/
Pathos,Publiediting,No APC (DOAJ),Not Available,Not Indexed,https://www.pathos-journal.com/
Romanian Neurosurgery,London Academic Publishing,Not Available,Not Available,Not Indexed,https://www.journals.lapub.co.uk/index.php/roneurosurgery/index
Journal of Mass Spectrometry and Advances in the Clinical Lab,Elsevier,No APC (DOAJ),Not Available,Indexed (Source File),https://www.journals.elsevier.com/journal-of-mass-spectrometry-and-advances-in-the-clinical-lab
INNOVATIONS in Pharmacy,University of Minnesota Libraries Publishing,Free (MU Directory),Not Available,Not Indexed,http://www.pharmacy.umn.edu/innovations/
Microbiota in Health and Disease,Verduci Editore,No APC (DOAJ),Not Available,Not Indexed,https://www.microbiotajournal.com/
Global Medical Genetics,Georg Thieme Verlag KG,  (DOAJ),Not Available,Not Indexed,https://www.thieme.com/books-main/genetics/product/5705-global-medical-genetics
Swiss Medical Weekly,SMW supporting association (Trägerverein Swiss Medical Weekly SMW),No APC (DOAJ),Not Available,Indexed (Source File),http://www.smw.ch/
European Medical Journal Reproductive Health,European Medical Journal,Free (MU Directory),Not Available,Not Indexed,http://emjreviews.com/therapeutic-area/reproductive-health/
Clinical Hypertension,BMC,Free (MU Directory),Not Available,Indexed (Website),https://clinicalhypertension.biomedcentral.com/
Journal of Primary Health Care,CSIRO Publishing,  (DOAJ),Not Available,Indexed (Source File),https://www.publish.csiro.au/hc
Arthroplasty,BMC,Free (MU Directory),Not Available,Indexed (Website),https://arthroplasty.biomedcentral.com/
GMS Interdisciplinary Plastic and Reconstructive Surgery DGPW,German Medical Science GMS Publishing House,  (DOAJ),Not Available,Not Indexed,https://www.egms.de/dynamic/en/journals/iprs/index.htm
Vascular Biology,Bioscientifica,Free (MU Directory),Not Available,Not Indexed,https://vb.bioscientifica.com/
Journal of Epileptology,Exeley Inc.,Free (MU Directory),Not Available,Not Indexed,https://www.exeley.com/journal/journal_of_epileptology
Online Journal of Nursing Informatics,HIMSS,Not Available,Not Available,Not Indexed,http://www.himss.org/ojni
Journal of Clinical Interventional Radiology ISVIR,"Thieme Medical Publishers, Inc.",Free (MU Directory),Not Available,Indexed (Source File),https://doi.org/10.1055/s-00033348
"GMS Medizinische Informatik, Biometrie und Epidemiologie",German Medical Science GMS Publishing House,No APC (DOAJ),Not Available,Not Indexed,https://www.egms.de/dynamic/en/journals/mibe/index.htm
Egyptian Journal of Neurosurgery,SpringerOpen,Free (MU Directory),Not Available,Not Indexed,https://ejns.springeropen.com/
Pharmaceutical Fronts,Georg Thieme Verlag KG,No APC (DOAJ),Not Available,Not Indexed,https://www.thieme.com/books-main/chemistry/product/5416-pharmaceutical-fronts
GMS Infectious Diseases,German Medical Science GMS Publishing House,No APC (DOAJ),Not Available,Not Indexed,https://www.egms.de/dynamic/en/journals/id/index.htm
Medical Review,De Gruyter,No APC (DOAJ),Not Available,Likely Indexed (Website),https://www.degruyter.com/journal/key/mr/html
Pediatrics and Neonatology,Elsevier,No APC (DOAJ),Not Available,Indexed (Source File),https://www.journals.elsevier.com/pediatrics-and-neonatology/
Vision Pan-America,Pan-American Association of Ophthalmology,Not Available,Not Available,Not Indexed,http://journals.sfu.ca/paao/index.php/journal/index
European Medical Journal Oncology,European Medical Journal,Free (MU Directory),Not Available,Not Indexed,http://emjreviews.com/therapeutic-area/oncology/
University of Ottawa Journal of Medicine,University of Ottawa,No APC (DOAJ),Not Available,Not Indexed,http://uojm.ca/
American Journal of Experimental and Clinical Research,American Journal of Experimental and Clinical Research,Free (MU Directory),Not Available,Not Indexed,http://ajecr.org/index.php/ajecr/index
WikiJournal of Medicine,WikiJournal User Group,Free (MU Directory),Not Available,Indexed (Source File),https://www.wikijmed.org/
Clinical Medicine Insights: Blood Disorders,SAGE Publishing,Free (MU Directory),Not Available,Not Indexed,https://journals.sagepub.com/home/bdx
Future Journal of Pharmaceutical Sciences,SpringerOpen,Free (MU Directory),Not Available,Not Indexed,https://fjps.springeropen.com/
Journal of Contemporary Pharmacy Practice,California Pharmacists Association,Free (MU Directory),Not Available,Not Indexed,https://meridian.allenpress.com/jcphp
Translation,The University of Toledo,Free (MU Directory),Not Available,Not Indexed,https://openjournals.utoledo.edu/index.php/translation
Il Giornale di AMD,Idelson Gnocchi,No APC (DOAJ),Not Available,Not Indexed,http://www.jamd.it/
Health and Interprofessional Practice,Pacific University Library,No APC (DOAJ),Not Available,Not Indexed,https://hipe-pub.org/
Perspectives Interdisciplinaires sur le Travail et la Santé,Institut de Recherche Robert-Sauvé en Santé et en Sécurité du Travail (IRSST),No APC (DOAJ),Not Available,Not Indexed,http://pistes.revues.org/
EMJ Microbiology & Infectious Diseases,European Medical Journal,No APC (DOAJ),Not Available,Not Indexed,https://www.emjreviews.com/therapeutic-area/microbiology-infectious-diseases/
Journal of Oral Medicine and Oral Surgery,EDP Sciences,  (DOAJ),Not Available,Indexed (Website),https://www.jomos.org/
GMS Medizin – Bibliothek – Information,German Medical Science GMS Publishing House,No APC (DOAJ),Not Available,Not Indexed,https://www.egms.de/dynamic/en/journals/mbi/index.htm
Canada Communicable Disease Report,Public Health Agency of Canada,No APC (DOAJ),Not Available,Not Indexed,https://www.canada.ca/en/public-health/services/reports-publications/canada-communicable-disease-report-ccdr.html
Pediatric Neurology Briefs,Pediatric Neurology Briefs Publishers,Free (MU Directory),Not Available,Not Indexed,http://www.pediatricneurologybriefs.com/
International Journal of Hospital Based Health Technology Assessment,CybelePress,Not Available,Not Available,Not Indexed,http://www.cybelepress.com/ijhbhta.html
Advances in Laboratory Medicine,De Gruyter,No APC (DOAJ),Not Available,Likely Indexed (Website),https://www.degruyter.com/journal/key/almed/html
Cell Regeneration,SpringerOpen,Free (MU Directory),Not Available,Indexed (Website),https://cellregeneration.springeropen.com/
The Journal of the Royal College of Physicians of Edinburgh,Royal College of Physicians of Edinburgh,Not Available,Not Available,Indexed (Source File),https://www.rcpe.ac.uk/journal
Egyptian Journal of Forensic Sciences,SpringerOpen,Free (MU Directory),Not Available,Indexed (Website),https://ejfs.springeropen.com/
Indian Journal of Plastic Surgery,"Thieme Medical Publishers, Inc.",Free (MU Directory),Not Available,Indexed (Source File),https://doi.org/10.1055/s-00042863
Atti della Accademia Peloritana dei Pericolanti - Classe di Scienze Medico-Biologiche,Accademia Peloritana dei Pericolanti,Not Available,Not Available,Not Indexed,http://cab.unime.it/journals/index.php/APMB
International Journal of Orientation & Mobility,Exeley Inc.,Free (MU Directory),Not Available,Not Indexed,https://www.exeley.com/journal/International_Journal_of_Orientation_and_Mobility
GMS Hygiene and Infection Control,German Medical Science GMS Publishing House,No APC (DOAJ),Not Available,Not Indexed,https://www.egms.de/dynamic/en/journals/dgkh/index.htm
Annali dell'Istituto Superiore di Sanità,Istituto Superiore di Sanità,Not Available,Not Available,Likely Indexed (Website),https://www.iss.it/en/web/guest/annali
Journal of Osseointegration,Ariesdue,  (DOAJ),Not Available,Indexed (Source File),http://www.journalofosseointegration.eu/
Journal of Bio-X Research,Wolters Kluwer Health,Free (MU Directory),Not Available,Not Indexed,https://journals.lww.com/jbioxresearch/pages/default.aspx
Patient Experience Journal,The Beryl Institute,No APC (DOAJ),Not Available,Not Indexed,https://pxjournal.org/journal/
Molecular Biomedicine,Springer,Free (MU Directory),Not Available,Indexed (Website),https://www.springer.com/journal/43556
Journal of the European Association for Health Information and Libraries,European Association for Health Information and Libraries,No APC (DOAJ),Not Available,Not Indexed,http://ojs.eahil.eu/
Canadian Journal of Speech-Language Pathology and Audiology,Speech-Language and Audiology Canada (SAC),No APC (DOAJ),Not Available,Indexed (Source File),http://cjslpa.ca/
Indian Pacing and Electrophysiology Journal,Elsevier,No APC (DOAJ),Not Available,Indexed (Source File),https://www.journals.elsevier.com/indian-pacing-and-electrophysiology-journal/
International Journal of Implant Dentistry,SpringerOpen,  (DOAJ),Not Available,Not Indexed,http://www.journalimplantdent.com/
Family Medicine and Community Health,BMJ Publishing Group,Free (MU Directory),Not Available,Indexed (Source File),http://fmch.bmj.com/
Quality Advancement in Nursing Education,Canadian Association of Schools of Nursing,Free (MU Directory),Not Available,Not Indexed,https://qane-afi.casn.ca/journal/
Journal of Occupational Therapy Education,Eastern Kentucky University,Free (MU Directory),Not Available,Not Indexed,http://encompass.eku.edu/jote
Allergology International,Elsevier,  (DOAJ),Not Available,Indexed (Source File),https://www.journals.elsevier.com/allergology-international/
European Medical Journal Nephrology,European Medical Journal,Free (MU Directory),Not Available,Not Indexed,http://emjreviews.com/therapeutic-area/nephrology/
Acta Epileptologica,BMC,Free (MU Directory),Not Available,Indexed (Website),https://aepi.biomedcentral.com/
World Cancer Research Journal,Verduci Editore,No APC (DOAJ),Not Available,Indexed (Website),https://www.wcrj.net/
Southwest Journal of Pulmonary and Critical Care,Arizona Thoracic Society,Free (MU Directory),Not Available,Not Indexed,http://www.swjpcc.com/
European Medical Journal Cardiology,European Medical Journal,Free (MU Directory),Not Available,Not Indexed,http://emjreviews.com/therapeutic-area/cardiology/
Bulletin de la Dialyse à Domicile,RDPLF,No APC (DOAJ),Not Available,Likely Indexed (Website),https://www.bdd.rdplf.org/
"Journal of Orthopaedics, Trauma and Rehabilitation",SAGE Publishing,Free (MU Directory),Not Available,Indexed (Source File),https://journals.sagepub.com/home/otr
Journal of Physiotherapy,Elsevier,No APC (DOAJ),Not Available,Indexed (Source File),http://www.journals.elsevier.com/journal-of-physiotherapy/
Veins and Lymphatics,PAGEPress Publications,No APC (DOAJ),Not Available,Likely Indexed (Website),http://www.pagepressjournals.org/index.php/vl/index
Emergency and Critical Care Medicine,Wolters Kluwer Health/LWW,  (DOAJ),Not Available,Indexed (Source File),https://journals.lww.com/eccm/pages/default.aspx
Egyptian Pediatric Association Gazette,SpringerOpen,Free (MU Directory),Not Available,Not Indexed,https://epag.springeropen.com/
Médecine Tropicale et Santé Internationale (MTSI),Société francophone de médecine tropicale et santé internationale (ancienne SPE),No APC (DOAJ),Not Available,Likely Indexed (Website),http://revuemtsi.societe-mtsi.fr/index.php/bspe-articles/about
"Nordic Journal of Arts, Culture and Health",Scandinavian University Press (Universitetsforlaget),No APC (DOAJ),Not Available,Not Indexed,https://www.idunn.no/nordic_journal_of_arts_culture_and_health?languageId=2
Egyptian Journal of Medical Human Genetics,SpringerOpen,Free (MU Directory),Not Available,Indexed (Website),https://jmhg.springeropen.com/
BJPsych International,Cambridge University Press,Free (MU Directory),Not Available,Indexed (Source File),https://www.cambridge.org/core/journals/bjpsych-international
Knee Surgery & Related Research,BMC,Free (MU Directory),Not Available,Indexed (Website),https://kneesurgrelatres.biomedcentral.com/
Monaldi Archives for Chest Disease,PAGEPress Publications,No APC (DOAJ),Not Available,Likely Indexed (Website),http://www.monaldi-archives.org/
Ophthalmology and Eye Diseases,SAGE Publishing,Free (MU Directory),Not Available,Not Indexed,http://journals.sagepub.com/home/oed
Chinese Neurosurgical Journal,BMC,Free (MU Directory),Not Available,Indexed (Website),https://cnjournal.biomedcentral.com/
Health Services and Delivery Research,National Institute for Health Research,No APC (DOAJ),Not Available,Not Indexed,https://www.journalslibrary.nihr.ac.uk/hsdr/
Journal of Health Research,Emerald Publishing,  (DOAJ),Not Available,Indexed (Source File),http://www.emeraldgrouppublishing.com/services/publishing/jhr/index.htm
African Journal of Health Professions Education,Health and Medical Publishing Group,  (DOAJ),Not Available,Not Indexed,http://www.ajhpe.org.za/index.php/ajhpe/index
OpenPhysio,Physiopedia,No APC (DOAJ),Not Available,Not Indexed,https://www.openphysiojournal.com/
African Journal of Urology,SpringerOpen,Free (MU Directory),Not Available,Indexed (Website),https://afju.springeropen.com/
Building Healthy Academic Communities Journal,The Ohio State University Libraries,Free (MU Directory),Not Available,Not Indexed,https://library.osu.edu/ojs/index.php/BHAC
Acupuncture and Herbal Medicine,Wolters Kluwer Health/LWW,No APC (DOAJ),Not Available,Not Indexed,https://journals.lww.com/ahm/pages/default.aspx
The Egyptian Journal of Radiology and Nuclear Medicine,SpringerOpen,Free (MU Directory),Not Available,Indexed (Website),https://ejrnm.springeropen.com/
Global Bioethics Enquiry,UNESCO,No APC (DOAJ),Not Available,Not Indexed,https://globalbioethicsenquiry.com/
International Journal of Pediatrics and Adolescent Medicine,Elsevier,Not Available,Not Available,Indexed (Source File),http://www.journals.elsevier.com/international-journal-of-pediatrics-and-adolescent-medicine/
Blood Science,Wolters Kluwer Health,Free (MU Directory),Not Available,Indexed (Source File),https://journals.lww.com/bls/pages/default.aspx
Reproduction and Fertility,Bioscientifica,Free (MU Directory),Not Available,Indexed (Source File),https://raf.bioscientifica.com/
Journal of the Society for Clinical Data Management,Society for Clinical Data Management,No APC (DOAJ),Not Available,Not Indexed,https://www.jscdm.org/
Art Therapy Online,"Goldsmiths, University of London",No APC (DOAJ),Not Available,Not Indexed,http://ojs.gold.ac.uk/index.php/atol/index
SA Orthopaedic Journal,MedPharm Publications,No APC (DOAJ),Not Available,Not Indexed,https://www.saoj.org.za/index.php/saoj
Torture,International Rehabilitation Council for Torture Victims,No APC (DOAJ),Not Available,Not Indexed,https://tidsskrift.dk/torture-journal/
McGill Journal of Medicine,McGill University,No APC (DOAJ),Not Available,Not Indexed,https://mjm.mcgill.ca/index
Journal of Muslim Mental Health,Michigan Publishing,No APC (DOAJ),Not Available,Indexed (Source File),http://www.journalofmuslimmentalhealth.org/
Finnish Journal of eHealth and eWelfare,Finnish Social and Health Informatics Association,No APC (DOAJ),Not Available,Not Indexed,https://journal.fi/finjehew/
Pediatric Investigation,Wiley,Free (MU Directory),Not Available,Indexed (Source File),https://onlinelibrary.wiley.com/journal/25742272
Pediatric Quality & Safety,Wolters Kluwer,No APC (DOAJ),Not Available,Not Indexed,http://journals.lww.com/pqs/pages/default.aspx
RNA & DISEASE,Smart Science & Technology LLC,No APC (DOAJ),Not Available,Not Indexed,http://www.smartscitech.com/index.php/RD/index
MedEdPORTAL,Association of American Medical Colleges,Free (MU Directory),Not Available,Not Indexed,https://www.mededportal.org/
Journal of Patient Experience,SAGE Publishing,Free (MU Directory),Not Available,Indexed (Source File),https://journals.sagepub.com/home/jpx
Science of Nursing and Health Practices,Réseau de recherche en interventions en sciences infirmières du Québec (RRISIQ),No APC (DOAJ),Not Available,Not Indexed,https://sips-snahp.ojs.umontreal.ca/index.php/sips-snahp/index
Sensors & Diagnostics,The Royal Society of Chemistry,  (DOAJ),Not Available,Indexed (Website),https://www.rsc.org/journals-books-databases/about-journals/sensors-diagnostics/
Hong Kong Journal of Occupational Therapy,SAGE Publishing,Free (MU Directory),Not Available,Indexed (Source File),https://journals.sagepub.com/home/hjo
Programme Grants for Applied Research,NIHR Journals Library,Free (MU Directory),Not Available,Not Indexed,https://www.journalslibrary.nihr.ac.uk/pgfar/
Precision Clinical Medicine,Oxford University Press,  (DOAJ),Not Available,Indexed (Source File),https://academic.oup.com/pcm
Revista Portuguesa de Pneumologia (English Edition),Elsevier,No APC (DOAJ),Not Available,Not Indexed,https://www.journals.elsevier.com/revista-portuguesa-de-pneumologia-english-edition
Irish Journal of Occupational Therapy,Emerald Publishing,Free (MU Directory),Not Available,Indexed (Source File),http://www.emeraldgrouppublishing.com/services/publishing/ijot/index.htm
Aporia,University of Ottawa,No APC (DOAJ),Not Available,Not Indexed,https://uottawa.scholarsportal.info/ottawa/index.php/aporia/index
Psychotherapie-Wissenschaft,Psychosozial-Verlag GmbH & Co. KG,No APC (DOAJ),Not Available,Not Indexed,https://www.psychotherapie-wissenschaft.info/
Dubai Medical Journal,Karger Publishers,Free (MU Directory),Not Available,Not Indexed,https://www.karger.com/Journal/Home/277043
Journal of Wellness,University of Louisville Libraries,Free (MU Directory),Not Available,Not Indexed,https://journalofwellness.com/
European Medical Journal Allergy & Immunology,European Medical Journal,Free (MU Directory),Not Available,Not Indexed,https://www.emjreviews.com/therapeutic-area/allergy-immunology/
NeuroRegulation,International Society for Neurofeedback and Research (ISNR),No APC (DOAJ),Not Available,Likely Indexed (Website),http://www.neuroregulation.org/
The Egyptian Journal of Otolaryngology,SpringerOpen,No APC (DOAJ),Not Available,Indexed (Website),https://ejo.springeropen.com/
Journal of Smooth Muscle Research,Japan Society of Smooth Muscle Research,Not Available,Not Available,Likely Indexed (Website),http://www.jssmr.jp/official/pg_journal/index.html
Cardiology Plus,Wolters Kluwer Health/LWW,Free (MU Directory),Not Available,Not Indexed,https://journals.lww.com/cardioplus/pages/default.aspx
Eurosurveillance,European Centre for Disease Prevention and Control,No APC (DOAJ),Not Available,Indexed (Source File),http://www.eurosurveillance.org/
Health Data Science,American Association for the Advancement of Science (AAAS),Free (MU Directory),Not Available,Not Indexed,https://spj.sciencemag.org/journals/hds/
Journal of Biomedical Practitioners,Università degli Studi di Torino,No APC (DOAJ),Not Available,Likely Indexed (Website),http://www.ojs.unito.it/index.php/jbp/index
Journal of Radiology Case Reports,EduRad Publishing,  (DOAJ),Not Available,Indexed (Website),http://www.radiologycases.com/
Immunological Medicine,Taylor & Francis Group,Free (MU Directory),Not Available,Indexed (Source File),https://www.tandfonline.com/journals/timm
Free Neuropathology,University of Münster / Open Journals System,No APC (DOAJ),Not Available,Not Indexed,https://www.uni-muenster.de/Ejournals/index.php/fnp/index
Tidsskrift for Den norske legeforening,Den norske legeforening,No APC (DOAJ),Not Available,Not Indexed,https://tidsskriftet.no/
Rural and Remote Health,James Cook University,No APC (DOAJ),Not Available,Indexed (Source File),https://www.rrh.org.au/
Angle Orthodontist,E.H Angle Education and Research Foundation,No APC (DOAJ),Not Available,Indexed (Source File),https://meridian.allenpress.com/angle-orthodontist
International Journal of Cancer Therapy and Oncology,IJCTO,Not Available,Not Available,Not Indexed,http://www.ijcto.org/index.php/IJCTO/index
Urogynaecologia International Journal,PAGEPress Publications,No APC (DOAJ),Not Available,Likely Indexed (Website),http://www.urogynaecologia.org/
Neuroanatomy and Behaviour,Episteme Health Inc.,Not Available,Not Available,Not Indexed,https://epistemehealth.com/index.php/nab
Efficacy and Mechanism Evaluation,NIHR Journals Library,Free (MU Directory),Not Available,Not Indexed,https://www.journalslibrary.nihr.ac.uk/eme/
Journal of Renal and Hepatic Disorders,Codon Publications,No APC (DOAJ),Not Available,Not Indexed,https://jrenhep.com/index.php/jrenhep
Therapeutic Advances in Vaccines and Immunotherapy,SAGE Publishing,Free (MU Directory),Not Available,Indexed (Source File),https://journals.sagepub.com/home/tav
Egyptian Rheumatology and Rehabilitation,SpringerOpen,Free (MU Directory),Not Available,Indexed (Website),https://erar.springeropen.com/
Geriatric Care,PAGEPress Publications,  (DOAJ),Not Available,Not Indexed,http://www.geriatric-care.org/
International Journal of Telerehabilitation,"University Library System, University of Pittsburgh",Free (MU Directory),Not Available,Indexed (Source File),http://telerehab.pitt.edu/
Military Medical Research,BMC,No APC (DOAJ),Not Available,Indexed (Website),https://mmrjournal.biomedcentral.com/
European Medical Journal Hematology,European Medical Journal,Free (MU Directory),Not Available,Not Indexed,http://emjreviews.com/therapeutic-area/hematology/
Nursing & Health Sciences Research Journal,Library & Knowledge Services and Nursing & Health Sciences Research Departments,Free (MU Directory),Not Available,Not Indexed,https://scholarlycommons.baptisthealth.net/nhsrj/
Journal of the Medical Library Association,"University Library System, University of Pittsburgh",Free (MU Directory),Not Available,Not Indexed,http://jmla.mlanet.org/ojs/jmla
Reviews in Health Care,SEEd,Not Available,Not Available,Not Indexed,https://journals.seedmedicalpublishers.com/index.php/RHC
International Health Trends and Perspectives,Ryerson University,No APC (DOAJ),Not Available,Not Indexed,https://journals.library.ryerson.ca/index.php/ihtp/index
South African Journal of Sports Medicine,South African Sports Medicine Association,  (DOAJ),Not Available,Indexed (Source File),http://journals.assaf.org.za/index.php/sajsm/index
Molecular Biology & Nanomedicine,Techland Publishing Group Limited,No APC (DOAJ),Not Available,Not Indexed,http://mbn.techlandgroup.com/index.php
Psychiatria Fennica,The Finnish Foundation for Psychiatric Research,No APC (DOAJ),Not Available,Not Indexed,https://www.psykiatriantutkimussaatio.fi/index.php/psychiatria-fennica/
South African Journal of Child Health,Health and Medical Publishing Group,Free (MU Directory),Not Available,Not Indexed,http://www.sajch.org.za/
Journal of Biomedical Science,BMC,Free (MU Directory),Not Available,Indexed (Website),https://jbiomedsci.biomedcentral.com/
EMJ Radiology,European Medical Journal,Free (MU Directory),Not Available,Not Indexed,https://www.emjreviews.com/therapeutic-area/radiology/
British and Irish Orthoptic Journal,White Rose University Press,Free (MU Directory),Not Available,Indexed (Source File),https://www.bioj-online.com/
Social Medicine,Social Medicine Publication Group,  (DOAJ),Not Available,Indexed (Source File),http://www.socialmedicine.info/
Journal of Patient Experience,SAGE Publishing,Free (MU Directory),Not Available,Indexed (Source File),https://journals.sagepub.com/home/jpx
Société Internationale d’Urologie Journal,The Société Internationale d’Urologie (SIU),No APC (DOAJ),Not Available,Not Indexed,https://siuj.org/index.php/siuj
Pleura and Peritoneum,De Gruyter,  (DOAJ),Not Available,Likely Indexed (Website),https://www.degruyter.com/view/journals/pp/pp-overview.xml
Hong Kong Journal of Occupational Therapy,SAGE Publishing,Free (MU Directory),Not Available,Indexed (Source File),https://journals.sagepub.com/home/hjo
Programme Grants for Applied Research,NIHR Journals Library,Free (MU Directory),Not Available,Not Indexed,https://www.journalslibrary.nihr.ac.uk/pgfar/
Health Reform Observer - Observatoire des Réformes de Santé,McMaster University Library Press,No APC (DOAJ),Not Available,Not Indexed,https://mulpress.mcmaster.ca/hro-ors/index
European Medical Journal Allergy & Immunology,European Medical Journal,Free (MU Directory),Not Available,Not Indexed,https://www.emjreviews.com/therapeutic-area/allergy-immunology/
Precision Clinical Medicine,Oxford University Press,  (DOAJ),Not Available,Indexed (Source File),https://academic.oup.com/pcm
Egyptian Rheumatology and Rehabilitation,SpringerOpen,Free (MU Directory),Not Available,Indexed (Website),https://erar.springeropen.com/
Aporia,University of Ottawa,No APC (DOAJ),Not Available,Not Indexed,https://uottawa.scholarsportal.info/ottawa/index.php/aporia/index
Irish Journal of Occupational Therapy,Emerald Publishing,Free (MU Directory),Not Available,Indexed (Source File),http://www.emeraldgrouppublishing.com/services/publishing/ijot/index.htm
Journal of Clinical & Developmental Psychology,CeRIP,  (DOAJ),Not Available,Not Indexed,http://cab.unime.it/journals/index.php/JCDP/index
Journal of Wellness,University of Louisville Libraries,Free (MU Directory),Not Available,Not Indexed,https://journalofwellness.com/
NeuroRegulation,International Society for Neurofeedback and Research (ISNR),No APC (DOAJ),Not Available,Likely Indexed (Website),http://www.neuroregulation.org/
Journal of Smooth Muscle Research,Japan Society of Smooth Muscle Research,Not Available,Not Available,Likely Indexed (Website),http://www.jssmr.jp/official/pg_journal/index.html
Eurosurveillance,European Centre for Disease Prevention and Control,No APC (DOAJ),Not Available,Indexed (Source File),http://www.eurosurveillance.org/
"GMS German Plastic, Reconstructive and Aesthetic Surgery – Burn and Hand Surgery",German Medical Science GMS Publishing House,No APC (DOAJ),Not Available,Not Indexed,https://www.egms.de/en/journals/gpras/
Cardiology Plus,Wolters Kluwer Health/LWW,Free (MU Directory),Not Available,Not Indexed,https://journals.lww.com/cardioplus/pages/default.aspx
Southwest Respiratory and Critical Care Chronicles,Southwest Respiratory and Critical Care Chronicles,Free (MU Directory),Not Available,Not Indexed,https://pulmonarychronicles.com/index.php/pulmonarychronicles/index
African Journal of Thoracic and Critical Care Medicine,Health and Medical Publishing Group,  (DOAJ),Not Available,Indexed (Source File),http://www.ajtccm.org.za/
Health Data Science,American Association for the Advancement of Science (AAAS),Free (MU Directory),Not Available,Not Indexed,https://spj.sciencemag.org/journals/hds/
Rural and Remote Health,James Cook University,No APC (DOAJ),Not Available,Indexed (Source File),https://www.rrh.org.au/
Free Neuropathology,University of Münster / Open Journals System,No APC (DOAJ),Not Available,Not Indexed,https://www.uni-muenster.de/Ejournals/index.php/fnp/index
Journal of Radiology Case Reports,EduRad Publishing,  (DOAJ),Not Available,Indexed (Website),http://www.radiologycases.com/
Journal of Renal and Hepatic Disorders,Codon Publications,No APC (DOAJ),Not Available,Not Indexed,https://jrenhep.com/index.php/jrenhep
Urogynaecologia International Journal,PAGEPress Publications,No APC (DOAJ),Not Available,Likely Indexed (Website),http://www.urogynaecologia.org/
Angle Orthodontist,E.H Angle Education and Research Foundation,No APC (DOAJ),Not Available,Indexed (Source File),https://meridian.allenpress.com/angle-orthodontist
International Journal of Cancer Therapy and Oncology,IJCTO,Not Available,Not Available,Not Indexed,http://www.ijcto.org/index.php/IJCTO/index
Journal of Clinical & Developmental Psychology,CeRIP,  (DOAJ),Not Available,Not Indexed,http://cab.unime.it/journals/index.php/JCDP/index
GMS German Medical Science,German Medical Science GMS Publishing House,  (DOAJ),Not Available,Indexed (Source File),https://www.egms.de/dynamic/en/journals/gms/index.htm
Efficacy and Mechanism Evaluation,NIHR Journals Library,Free (MU Directory),Not Available,Not Indexed,https://www.journalslibrary.nihr.ac.uk/eme/
Neuroanatomy and Behaviour,Episteme Health Inc.,Not Available,Not Available,Not Indexed,https://epistemehealth.com/index.php/nab
Therapeutic Advances in Vaccines and Immunotherapy,SAGE Publishing,Free (MU Directory),Not Available,Indexed (Source File),https://journals.sagepub.com/home/tav
European Medical Journal Hematology,European Medical Journal,Free (MU Directory),Not Available,Not Indexed,http://emjreviews.com/therapeutic-area/hematology/
Geriatric Care,PAGEPress Publications,  (DOAJ),Not Available,Not Indexed,http://www.geriatric-care.org/
International Journal of Telerehabilitation,"University Library System, University of Pittsburgh",Free (MU Directory),Not Available,Indexed (Source File),http://telerehab.pitt.edu/
Nursing & Health Sciences Research Journal,Library & Knowledge Services and Nursing & Health Sciences Research Departments,Free (MU Directory),Not Available,Not Indexed,https://scholarlycommons.baptisthealth.net/nhsrj/
Journal of the Medical Library Association,"University Library System, University of Pittsburgh",Free (MU Directory),Not Available,Not Indexed,http://jmla.mlanet.org/ojs/jmla
Military Medical Research,BMC,No APC (DOAJ),Not Available,Indexed (Website),https://mmrjournal.biomedcentral.com/
Reviews in Health Care,SEEd,Not Available,Not Available,Not Indexed,https://journals.seedmedicalpublishers.com/index.php/RHC
The Egyptian Journal of Otolaryngology,SpringerOpen,No APC (DOAJ),Not Available,Indexed (Website),https://ejo.springeropen.com/
Southwest Respiratory and Critical Care Chronicles,Southwest Respiratory and Critical Care Chronicles,Free (MU Directory),Not Available,Not Indexed,https://pulmonarychronicles.com/index.php/pulmonarychronicles/index
Psychiatria Fennica,The Finnish Foundation for Psychiatric Research,No APC (DOAJ),Not Available,Not Indexed,https://www.psykiatriantutkimussaatio.fi/index.php/psychiatria-fennica/
Journal of Biomedical Science,BMC,Free (MU Directory),Not Available,Indexed (Website),https://jbiomedsci.biomedcentral.com/
Pleura and Peritoneum,De Gruyter,  (DOAJ),Not Available,Likely Indexed (Website),https://www.degruyter.com/view/journals/pp/pp-overview.xml
Tidsskrift for Den norske legeforening,Den norske legeforening,No APC (DOAJ),Not Available,Not Indexed,https://tidsskriftet.no/
African Journal of Nephrology,African Association of Nephrology,Free (MU Directory),Not Available,Not Indexed,http://www.journals.ac.za/index.php/ajn/
Molecular Biology & Nanomedicine,Techland Publishing Group Limited,No APC (DOAJ),Not Available,Not Indexed,http://mbn.techlandgroup.com/index.php
"GMS German Plastic, Reconstructive and Aesthetic Surgery – Burn and Hand Surgery",German Medical Science GMS Publishing House,No APC (DOAJ),Not Available,Not Indexed,https://www.egms.de/en/journals/gpras/
Health Reform Observer - Observatoire des Réformes de Santé,McMaster University Library Press,No APC (DOAJ),Not Available,Not Indexed,https://mulpress.mcmaster.ca/hro-ors/index
Social Medicine,Social Medicine Publication Group,  (DOAJ),Not Available,Indexed (Source File),http://www.socialmedicine.info/
International Health Trends and Perspectives,Ryerson University,No APC (DOAJ),Not Available,Not Indexed,https://journals.library.ryerson.ca/index.php/ihtp/index
African Journal of Nephrology,African Association of Nephrology,Free (MU Directory),Not Available,Not Indexed,http://www.journals.ac.za/index.php/ajn/
British and Irish Orthoptic Journal,White Rose University Press,Free (MU Directory),Not Available,Indexed (Source File),https://www.bioj-online.com/
Dentistry 3000,"University Library System, University of Pittsburgh",Free (MU Directory),Not Available,Indexed (Source File),http://dentistry3000.pitt.edu/
Neurological Research and Practice,BMC,Free (MU Directory),Not Available,Indexed (Website),https://neurolrespract.biomedcentral.com/
GMS German Medical Science,German Medical Science GMS Publishing House,  (DOAJ),Not Available,Indexed (Source File),https://www.egms.de/dynamic/en/journals/gms/index.htm
Hong Kong Medical Journal,Hong Kong Academy of Medicine,  (DOAJ),Not Available,Indexed (Website),http://www.hkmj.org/
Laboratory Animal Research,BMC,Free (MU Directory),Not Available,Indexed (Website),https://labanimres.biomedcentral.com/
South African Journal of Sports Medicine,South African Sports Medicine Association,  (DOAJ),Not Available,Indexed (Source File),http://journals.assaf.org.za/index.php/sajsm/index
EMJ Radiology,European Medical Journal,Free (MU Directory),Not Available,Not Indexed,https://www.emjreviews.com/therapeutic-area/radiology/
Clinical Phytoscience,SpringerOpen,No APC (DOAJ),Not Available,Not Indexed,http://www.clinphytoscience.com/
Community Eye Health Journal,"International Centre for Eye Health (ICEH), London",Free (MU Directory),Not Available,Not Indexed,http://www.cehjournal.org/
Medicine Anthropology Theory,University of Edinburgh Library,Free (MU Directory),Not Available,Not Indexed,http://www.medanthrotheory.org/
Cardiology Discovery,Wolters Kluwer Health/LWW,No APC (DOAJ),Not Available,Not Indexed,https://journals.lww.com/CD/pages/default.aspx
Société Internationale d’Urologie Journal,The Société Internationale d’Urologie (SIU),No APC (DOAJ),Not Available,Not Indexed,https://siuj.org/index.php/siuj
ACG Case Reports Journal,Wolters Kluwer Health,  (DOAJ),Not Available,Indexed (Source File),https://journals.lww.com/acgcr/pages/default.aspx
European Medical Journal,European Medical Journal,Free (MU Directory),Not Available,Not Indexed,https://www.emjreviews.com/therapeutic-area/european-medical-journal/
BIO Integration,Compuscript Ltd,No APC (DOAJ),Not Available,Indexed (Website),https://bio-integration.org/
Japanese Dental Science Review,Elsevier,No APC (DOAJ),Not Available,Indexed (Source File),https://www.journals.elsevier.com/japanese-dental-science-review
Indian Heart Journal,Elsevier,No APC (DOAJ),Not Available,Indexed (Source File),https://www.journals.elsevier.com/indian-heart-journal/
Asian Journal of Urology,Elsevier,  (DOAJ),Not Available,Indexed (Source File),http://www.journals.elsevier.com/asian-journal-of-urology
"The Egyptian Journal of Neurology, Psychiatry and Neurosurgery",SpringerOpen,Free (MU Directory),Not Available,Indexed (Website),https://ejnpn.springeropen.com/
Revista Brasileira de Hematologia e Hemoterapia,Elsevier,No APC (DOAJ),Not Available,Not Indexed,https://www.journals.elsevier.com/revista-brasileira-de-hematologia-e-hemoterapia/
International Journal of Medical Students,International Journal of Medical Students,Free (MU Directory),Not Available,Not Indexed,http://www.ijms.info/
Acta Pharmaceutica Sinica B,Elsevier,  (DOAJ),Not Available,Indexed (Source File),http://www.journals.elsevier.com/acta-pharmaceutica-sinica-b
Chinese Medicine and Culture,Wolters Kluwer Health/LWW,Free (MU Directory),Not Available,Indexed (Source File),https://journals.lww.com/cmc/Pages/default.aspx
Emerging Infectious Diseases,Centers for Disease Control and Prevention,Free (MU Directory),Not Available,Indexed (Source File),http://wwwnc.cdc.gov/eid/
Deutsches Ärzteblatt,Deutscher Ärzte-Verlag,No APC (DOAJ),Not Available,Not Indexed,http://www.aerzteblatt.de/archiv/daetitel
Skin,National Society for Cutaneous Medicine,  (DOAJ),Not Available,Not Indexed,https://jofskin.org/index.php/skin
Global Biosecurity,University of New South Wales,No APC (DOAJ),Not Available,Indexed (Website),https://jglobalbiosecurity.com/
European Medical Journal Innovations,European Medical Journal,Free (MU Directory),Not Available,Not Indexed,https://www.emjreviews.com/therapeutic-area/innovations/
Plasmatology,SAGE Publishing,Free (MU Directory),Not Available,Indexed (Source File),https://journals.sagepub.com/home/bdx
Rwanda Medical Journal,Rwanda Biomedical Centre (RBC)/Rwanda Health Communication Center,No APC (DOAJ),Not Available,Likely Indexed (Website),http://rwandamedicaljournal.org/
Inspira,Cappelen Damm Akademisk NOASP,No APC (DOAJ),Not Available,Not Indexed,https://inspiratidsskrift.no/
Journal of Appalachian Health,University of Kentucky,No APC (DOAJ),Not Available,Not Indexed,https://uknowledge.uky.edu/jah/
Animal Models and Experimental Medicine,Wiley,Free (MU Directory),Not Available,Not Indexed,https://onlinelibrary.wiley.com/journal/25762095
Global Health: Science and Practice Journal,Johns Hopkins University,  (DOAJ),Not Available,Not Indexed,http://www.ghspjournal.org/
Perspectives on Medical Education,Springer / Bohn Stafleu van Loghum,  (DOAJ),Not Available,Indexed (Source File),https://www.springer.com/journal/40037
Biomedical Journal,Elsevier,  (DOAJ),Not Available,Indexed (Source File),http://www.journals.elsevier.com/biomedical-journal
Online Journal of Rural Nursing and Health Care,Rural Nurse Organization; Binghamton University,No APC (DOAJ),Not Available,Not Indexed,http://rnojournal.binghamton.edu/index.php/RNO
Gut Microbiome,Cambridge University Press,No APC (DOAJ),Not Available,Not Indexed,https://www.cambridge.org/core/journals/gut-microbiome
International Journal of Arrhythmia,BMC,Not Available,Not Available,Not Indexed,https://arrhythmia.biomedcentral.com/
Precision Radiation Oncology,Wiley,Free (MU Directory),Not Available,Indexed (Source File),https://onlinelibrary.wiley.com/journal/23987324
International Journal of Strength and Conditioning,International Universities Strength and Conditioning Association,No APC (DOAJ),Not Available,Not Indexed,https://journal.iusca.org/index.php/Journal
Middle East Fertility Society Journal,SpringerOpen,Free (MU Directory),Not Available,Indexed (Website),https://mefj.springeropen.com/
Therapeutic Advances in Rare Disease,SAGE Publishing,No APC (DOAJ),Not Available,Not Indexed,https://journals.sagepub.com/home/trd
Qualitative Research in Medicine & Healthcare,PAGEPress Publications,No APC (DOAJ),Not Available,Not Indexed,https://www.pagepressjournals.org/index.php/qrmh/index
Giornale Italiano di Endodonzia,Ariesdue,No APC (DOAJ),Not Available,Indexed (Website),http://www.giornaleitalianoendodonzia.it/
AIMS Medical Science,American Institute of Mathematical Sciences,Free (MU Directory),Not Available,Not Indexed,http://www.aimspress.com/journal/medicalScience
International Journal of Particle Therapy,Particle Therapy Co-operative Group,  (DOAJ),Not Available,Indexed (Source File),http://theijpt.org/
Journal of Sports Medicine and Allied Health Sciences: Official Journal of the Ohio Athletic Trainers' Association,Bowling Green State University,Free (MU Directory),Not Available,Not Indexed,http://scholarworks.bgsu.edu/jsmahs/
Swiss Archives of Neurology and Psychiatry,EMH Swiss Medical Publishers Ltd.,Not Available,Not Available,Not Indexed,http://www.sanp.ch/
Health and Social Care Delivery Research,NIHR Journals Library,Free (MU Directory),Not Available,Indexed (Source File),https://www.journalslibrary.nihr.ac.uk/hsdr/#/
People Living with And Inspired by Diabetes,Florida State University College of Medicine,Not Available,Not Available,Not Indexed,http://theplaidjournal.com/
Annals of Urologic Oncology,Asian Medical Press Ltd.(H.K.),  (DOAJ),Not Available,Not Indexed,http://www.asmepress.com/
African Journal of Thoracic and Critical Care Medicine,Health and Medical Publishing Group,  (DOAJ),Not Available,Indexed (Source File),http://www.ajtccm.org.za/
European Medical Journal Diabetes,European Medical Journal,Free (MU Directory),Not Available,Not Indexed,http://emjreviews.com/therapeutic-area/diabetes/
Cardiovascular Medicine,EMH Swiss Medical Publishers Ltd.,No APC (DOAJ),Not Available,Indexed (Source File),http://www.cardiovascmed.ch/
Leprosy Review,LEPRA (The British Leprosy Relief Association),No APC (DOAJ),Not Available,Indexed (Source File),https://leprosyreview.org/
Health Behavior Research,New Prairie Press,Free (MU Directory),Not Available,Not Indexed,https://newprairiepress.org/hbr/
Maternal-Fetal Medicine,Wolters Kluwer Health,Free (MU Directory),Not Available,Indexed (Source File),https://journals.lww.com/mfm/pages/default.aspx
The Egyptian Journal of Internal Medicine,SpringerOpen,Free (MU Directory),Not Available,Not Indexed,https://ejim.springeropen.com/
Canadian Oncology Nursing Journal,Pappin Communications,Not Available,Not Available,Not Indexed,http://www.canadianoncologynursingjournal.com/index.php/conj
Radiography Open,OsloMet — Oslo Metropolitan University,No APC (DOAJ),Not Available,Not Indexed,https://journals.oslomet.no/index.php/radopen/index
Aging Medicine,Wiley,Free (MU Directory),Not Available,Indexed (Source File),https://onlinelibrary.wiley.com/journal/24750360
Journal of Arrhythmia,Wiley,No APC (DOAJ),Not Available,Indexed (Source File),https://onlinelibrary.wiley.com/journal/18832148
GE: Portuguese Journal of Gastroenterology,Karger Publishers,No APC (DOAJ),Not Available,Not Indexed,http://www.karger.com/Journal/Home/272027
International Journal of Medical Device and Adjuvant Treatments,Verduci Editore,No APC (DOAJ),Not Available,Not Indexed,http://www.ijmdat.com/
Burns & Trauma,Oxford University Press,Free (MU Directory),Not Available,Not Indexed,https://academic.oup.com/burnstrauma
Voices in Bioethics,Columbia University Libraries,Free (MU Directory),Not Available,Not Indexed,https://journals.library.columbia.edu/index.php/bioethics/index
Current Urology,Wolters Kluwer Health,Free (MU Directory),Not Available,Indexed (Source File),https://journals.lww.com/cur/pages/default.aspx
Murmurations,Everything is Connected Press,No APC (DOAJ),Not Available,Not Indexed,https://murmurations.cloud/
Journal of Patient-Centered Research and Reviews,Aurora Health Care,Free (MU Directory),Not Available,Not Indexed,http://digitalrepository.aurorahealthcare.org/jpcrr/
Journal of Early Hearing Detection and Intervention,Utah State University,No APC (DOAJ),Not Available,Not Indexed,https://digitalcommons.usu.edu/jehdi/
Journal of Perioperative Nursing,Australian College of Perioperative Nurses,No APC (DOAJ),Not Available,Indexed (Source File),https://www.journal.acorn.org.au/jpn/
Journal of Long-Term Care,LSE Press,Free (MU Directory),Not Available,Indexed (Source File),https://journal.ilpnetwork.org/
Renal Replacement Therapy,BMC,Free (MU Directory),Not Available,Indexed (Website),https://rrtjournal.biomedcentral.com/
JMIR Dermatology,JMIR Publications,  (DOAJ),Not Available,Indexed (Website),https://derma.jmir.org/
European Journal of Health Communication (EJHC),"University of Zurich, IKMZ – Department of Communication and Media Research",No APC (DOAJ),Not Available,Not Indexed,https://ejhc.org/
Norsk Epidemiologi,Norsk Forening for Epidemiologi,Not Available,Not Available,Indexed (Source File),https://www.ntnu.no/ojs/index.php/norepid/index
Journal of Pharmacy & Pharmaceutical Sciences,Canadian Society for Pharmaceutical Sciences,Free (MU Directory),Not Available,Not Indexed,http://ejournals.library.ualberta.ca/index.php/JPPS/index
Advances in Clinical Neuroscience & Rehabilitation,Whitehouse Publishing,Free (MU Directory),Not Available,Not Indexed,http://www.acnr.co.uk/
International Journal of Health Preference Research,CybelePress,Not Available,Not Available,Not Indexed,http://www.cybelepress.com/ijhpr.html
The Journal of Forensic Science Education,Texas Digital Library,No APC (DOAJ),Not Available,Not Indexed,https://jfse-ojs-tamu.tdl.org/jfse/index.php/jfse
Reumatismo,PAGEPress Publications,No APC (DOAJ),Not Available,Likely Indexed (Website),http://www.reumatismo.org/
Progress in Orthodontics,SpringerOpen,Free (MU Directory),Not Available,Indexed (Website),http://www.progressinorthodontics.com/
Indian Journal of Neurosurgery,"Thieme Medical Publishers, Inc.",Free (MU Directory),Not Available,Not Indexed,https://doi.org/10.1055/s-00028728
Brain Science Advances,SAGE Publishing,No APC (DOAJ),Not Available,Not Indexed,https://journals.sagepub.com/home/bsa
Animal Diseases,BMC,Free (MU Directory),Not Available,Indexed (Website),https://animaldiseases.biomedcentral.com/
Australian Prescriber,NPS MedicineWise,No APC (DOAJ),Not Available,Indexed (Source File),https://www.nps.org.au/australian-prescriber
AIMS Allergy and Immunology,American Institute of Mathematical Sciences,Free (MU Directory),Not Available,Not Indexed,http://www.aimspress.com/journal/Allergy
Irish Journal of Paramedicine,Irish College of Paramedics,Not Available,Not Available,Not Indexed,http://www.irishparamedicine.com/
The Saudi Journal of Health Systems Research,Karger Publishers,No APC (DOAJ),Not Available,Not Indexed,https://www.karger.com/Journal/Home/280419
World Journal of Pediatric Surgery,BMJ Publishing Group,Free (MU Directory),Not Available,Indexed (Source File),https://wjps.bmj.com/
Proceedings of Singapore Healthcare,SAGE Publishing,Free (MU Directory),Not Available,Indexed (Source File),http://journals.sagepub.com/home/PSH
Christian Journal for Global Health,Health for All Nations,Free (MU Directory),Not Available,Indexed (Source File),https://journal.cjgh.org/index.php/cjgh
Therapeutic Advances in Ophthalmology,SAGE Publishing,Free (MU Directory),Not Available,Not Indexed,http://journals.sagepub.com/home/oed
Global Rheumatology,Panamerican League of Associations of Rheumatology (PANLAR),No APC (DOAJ),Not Available,Not Indexed,https://globalrheumpanlar.org/?language=en
healthbook TIMES. Oncology Hematology,THE HEALTHBOOK COMPANY LTD.,No APC (DOAJ),Not Available,Not Indexed,https://onco-hema.healthbooktimes.org/
Optometric Education,Association of Schools and Colleges of Optometry,No APC (DOAJ),Not Available,Not Indexed,https://journal.opted.org/
Annals of Pediatric Surgery,SpringerOpen,Free (MU Directory),Not Available,Indexed (Source File),https://aops.springeropen.com/
Impulse: The Premier Undergraduate Neuroscience Journal,Appalachian State University Honors College,Free (MU Directory),Not Available,Not Indexed,http://impulse.appstate.edu/
Journal of Student-Run Clinics,Society of Student-Run Free Clinics,No APC (DOAJ),Not Available,Not Indexed,http://journalsrc.org/index.php/jsrc/index
International Journal of Therapeutic Massage & Bodywork,Massage Therapy Foundation,No APC (DOAJ),Not Available,Indexed (Website),http://www.ijtmb.org/
Journal of the Georgia Public Health Association,Georgia Southern University,Free (MU Directory),Not Available,Not Indexed,https://digitalcommons.georgiasouthern.edu/jgpha/
Ain Shams Journal of Anesthesiology,SpringerOpen,Free (MU Directory),Not Available,Not Indexed,https://asja.springeropen.com/
Philosophy of Medicine,"University Library System, University of Pittsburgh",Free (MU Directory),Not Available,Not Indexed,https://philmed.pitt.edu/philmed
Cooper Rowan Medical Journal,Rowan Digital Works,No APC (DOAJ),Not Available,Not Indexed,https://rdw.rowan.edu/crjcsm/
Basic and Applied Myology,Unipress Padova,No APC (DOAJ),Not Available,Not Indexed,http://www.bio.unipd.it/bam/
GMS Ophthalmology Cases,German Medical Science GMS Publishing House,No APC (DOAJ),Not Available,Not Indexed,https://www.egms.de/en/journals/oc/
BME Frontiers,American Association for the Advancement of Science,Free (MU Directory),Not Available,Not Indexed,https://spj.sciencemag.org/bmef
Reproductive and Developmental Medicine,Wolters Kluwer Health/LWW,Free (MU Directory),Not Available,Indexed (Source File),https://journals.lww.com/RDM/pages/default.aspx
Dr. Sulaiman Al Habib Medical Journal,Springer,Free (MU Directory),Not Available,Not Indexed,https://www.springer.com/journal/44229/
Witness,York University Libraries,No APC (DOAJ),Not Available,Not Indexed,http://www.yorku.ca/witness
BJPsych Bulletin,Cambridge University Press,Free (MU Directory),Not Available,Indexed (Source File),https://www.cambridge.org/core/journals/bjpsych-bulletin
Oncobiology and Targets,HATASO,Free (MU Directory),Not Available,Not Indexed,https://onbt.scholasticahq.com/
European Respiratory Review,European Respiratory Society,Free (MU Directory),Not Available,Indexed (Source File),https://err.ersjournals.com/
Surgical and Experimental Pathology,BMC,Free (MU Directory),Not Available,Not Indexed,https://surgexppathol.biomedcentral.com/
Pediatric Anesthesia and Critical Care Journal (PACCJ),Pediatric Anesthesia and Critical Care Journal,  (DOAJ),Not Available,Not Indexed,http://www.paccjournal.com/
Journal of the Egyptian Public Health Association,SpringerOpen,Free (MU Directory),Not Available,Indexed (Website),https://jepha.springeropen.com/
Journal of Medical Physics,Wolters Kluwer Medknow Publications,Free (MU Directory),Not Available,Indexed (Source File),http://www.jmp.org.in/
Observational Studies,University of Pennsylvania Press,No APC (DOAJ),Not Available,Indexed (Source File),https://obs.pennpress.org/
Neuropsychological Trends,LED Edizioni Universitarie,No APC (DOAJ),Not Available,Indexed (Source File),http://www.ledonline.it/NeuropsychologicalTrends/index.html
Journal of Craniovertebral Junction and Spine,Wolters Kluwer Medknow Publications,Free (MU Directory),Not Available,Indexed (Source File),http://jcvjs.com/
"Cancer Research, Statistics, and Treatment",Wolters Kluwer Medknow Publications,Free (MU Directory),Not Available,Indexed (Source File),http://www.crstonline.com/
Journal of Geriatric Mental Health,Wolters Kluwer Medknow Publications,Free (MU Directory),Not Available,Not Indexed,http://www.jgmh.org/
Egyptian Rheumatologist,Elsevier,Not Available,Not Available,Indexed (Source File),http://www.journals.elsevier.com/the-egyptian-rheumatologist/
Reconstructive Review,Joint Implant Surgery & Research Foundation,Free (MU Directory),Not Available,Not Indexed,http://reconstructivereview.org/
Journal of Vector Borne Diseases,Wolters Kluwer Medknow Publications,Free (MU Directory),Not Available,Indexed (Source File),http://www.jvbd.org/
Indian Journal of Paediatric Dermatology,Wolters Kluwer Medknow Publications,Free (MU Directory),Not Available,Not Indexed,http://www.ijpd.in/aboutus.asp
Hellenic Journal of Cardiology,Elsevier,No APC (DOAJ),Not Available,Not Indexed,http://www.journals.elsevier.com/hellenic-journal-of-cardiology
Journal of the Indian Academy of Geriatrics,Wolters Kluwer Medknow Publications,Free (MU Directory),Not Available,Not Indexed,https://www.jiag.in/
Muller Journal of Medical Sciences and Research,Wolters Kluwer Medknow Publications,Free (MU Directory),Not Available,Not Indexed,http://www.mjmsr.net/
Saudi Journal of Kidney Diseases and Transplantation,Wolters Kluwer Medknow Publications,Free (MU Directory),Not Available,Indexed (Source File),http://www.sjkdt.org/
Saudi Endodontic Journal,Wolters Kluwer Medknow Publications,Free (MU Directory),Not Available,Indexed (Source File),http://www.saudiendodj.com/
Journal of Clinical Ophthalmology and Research,Wolters Kluwer Medknow Publications,Free (MU Directory),Not Available,Not Indexed,http://www.jcor.in/
The Journal of Indian Prosthodontic Society,Wolters Kluwer Medknow Publications,Free (MU Directory),Not Available,Not Indexed,http://www.j-ips.org/
Urological Science,Wolters Kluwer Medknow Publications,Free (MU Directory),Not Available,Indexed (Source File),http://www.e-urol-sci.com/
MAMC Journal of Medical Sciences,Wolters Kluwer Medknow Publications,Free (MU Directory),Not Available,Not Indexed,http://www.mamcjms.in/
Nefrología (English Edition),Elsevier,No APC (DOAJ),Not Available,Not Indexed,https://www.journals.elsevier.com/nefrologia-english-edition/
European Medical Journal Urology,European Medical Journal,Free (MU Directory),Not Available,Not Indexed,http://emjreviews.com/therapeutic-area/urology/
Archives of Mental Health,Wolters Kluwer Medknow Publications,Free (MU Directory),Not Available,Indexed (Source File),http://www.amhonline.org/
Archives of Medicine and Health Sciences,Wolters Kluwer Medknow Publications,Free (MU Directory),Not Available,Not Indexed,http://www.amhsjournal.org/
Journal of Nature and Science of Medicine,Wolters Kluwer Medknow Publications,Free (MU Directory),Not Available,Indexed (Source File),http://www.jnsmonline.org/
Journal of Indian Society of Pedodontics and Preventive Dentistry,Wolters Kluwer Medknow Publications,  (DOAJ),Not Available,Not Indexed,http://www.jisppd.com/
Apollo Medicine,Wolters Kluwer Medknow Publications,Free (MU Directory),Not Available,Not Indexed,https://www.apollomedicine.org/
Journal of Mid-Life Health,Wolters Kluwer Medknow Publications,Free (MU Directory),Not Available,Indexed (Source File),http://www.jmidlifehealth.org/
Indian Dermatology Online Journal,Wolters Kluwer Medknow Publications,Free (MU Directory),Not Available,Indexed (Source File),http://www.idoj.in/
Asian Journal of Oncology,"Thieme Medical Publishers, Inc.",Free (MU Directory),Not Available,Not Indexed,https://doi.org/10.1055/s-00042137
Research in Cardiovascular Medicine,Wolters Kluwer Medknow Publications,Free (MU Directory),Not Available,Not Indexed,http://www.rcvmonline.com/
World Journal of Traditional Chinese Medicine,Wolters Kluwer Medknow Publications,No APC (DOAJ),Not Available,Indexed (Source File),http://www.wjtcm.net/
Revista Portuguesa de Cardiologia,Elsevier,No APC (DOAJ),Not Available,Indexed (Source File),https://www.journals.elsevier.com/revista-portuguesa-de-cardiologia/
Journal of Surgical Specialties and Rural Practice,Wolters Kluwer Medknow Publications,Free (MU Directory),Not Available,Not Indexed,https://jssrp.org/
Journal of Diabetology,Wolters Kluwer Medknow Publications,Free (MU Directory),Not Available,Not Indexed,http://www.journalofdiabetology.org/
Dentistry and Medical Research,Wolters Kluwer Medknow Publications,Free (MU Directory),Not Available,Not Indexed,http://www.dmrjournal.org/
Chinese Journal of Traumatology,Elsevier,No APC (DOAJ),Not Available,Not Indexed,https://www.journals.elsevier.com/chinese-journal-of-traumatology/
Health Promotion and Chronic Disease Prevention in Canada,Public Health Agency of Canada,No APC (DOAJ),Not Available,Not Indexed,https://www.canada.ca/en/public-health/services/reports-publications/health-promotion-chronic-disease-prevention-canada-research-policy-practice.html
Current Medicine Research and Practice,Wolters Kluwer Medknow Publications,Free (MU Directory),Not Available,Not Indexed,https://www.cmrpjournal.org/
Indian Journal of Health Sciences and Biomedical Research KLEU,Wolters Kluwer Medknow Publications,Free (MU Directory),Not Available,Not Indexed,http://www.ijournalhs.org/
Taiwan Journal of Ophthalmology,Wolters Kluwer Medknow Publications,Free (MU Directory),Not Available,Indexed (Source File),http://www.e-tjo.org/
Kerala Journal of Ophthalmology,Wolters Kluwer Medknow Publications,Free (MU Directory),Not Available,Not Indexed,http://www.kjophthal.com/
Journal of Orofacial Sciences,Wolters Kluwer Medknow Publications,Free (MU Directory),Not Available,Indexed (Source File),http://www.jofs.in/
Tzu-Chi Medical Journal,Wolters Kluwer Medknow Publications,Free (MU Directory),Not Available,Not Indexed,http://www.tcmjmed.com/
Asian Journal of Social Health and Behavior,Wolters Kluwer Medknow Publications,Free (MU Directory),Not Available,Indexed (Source File),https://healthandbehavior.com/
Annals of Movement Disorders,Wolters Kluwer Medknow Publications,Free (MU Directory),Not Available,Indexed (Source File),http://www.aomd.in/
Turkish Journal of Plastic Surgery,Wolters Kluwer Medknow Publications,Free (MU Directory),Not Available,Likely Indexed (Website),http://www.turkjplastsurg.org/aboutus.asp
Eurasian Journal of Pulmonology,Wolters Kluwer Medknow Publications,Not Available,Not Available,Not Indexed,http://www.eurasianjpulmonol.com/aboutus.asp
Journal of Sport and Health Science,Elsevier,No APC (DOAJ),Not Available,Indexed (Source File),http://www.journals.elsevier.com/journal-of-sport-and-health-science
"Journal of Orthopedics, Traumatology and Rehabilitation",Wolters Kluwer Medknow Publications,Free (MU Directory),Not Available,Not Indexed,http://www.jotr.in/
Indian Journal of Psychological Medicine,SAGE Publishing,Free (MU Directory),Not Available,Indexed (Source File),https://journals.sagepub.com/home/szj
Asian Pacific Journal of Tropical Medicine,Wolters Kluwer Medknow Publications,Free (MU Directory),Not Available,Indexed (Source File),http://www.apjtm.org/
Journal of Indian Orthodontic Society,SAGE Publishing,No APC (DOAJ),Not Available,Not Indexed,https://journals.sagepub.com/home/jio
Indian Journal of Allergy Asthma and Immunology,Wolters Kluwer Medknow Publications,Free (MU Directory),Not Available,Not Indexed,https://www.ijaai.in/
Hamdan Medical Journal,Wolters Kluwer Medknow Publications,Free (MU Directory),Not Available,Not Indexed,http://www.hamdanjournal.org/
Indian Journal of Respiratory Care,Wolters Kluwer Medknow Publications,No APC (DOAJ),Not Available,Not Indexed,https://www.ijrc.in/
TNOA Journal of Ophthalmic Science and Research,Wolters Kluwer Medknow Publications,Free (MU Directory),Not Available,Not Indexed,http://www.tnoajosr.com/
Annals of Cardiac Anaesthesia,Wolters Kluwer Medknow Publications,Free (MU Directory),Not Available,Indexed (Source File),http://www.annals.in/
Heart Views,Wolters Kluwer Medknow Publications,Free (MU Directory),Not Available,Not Indexed,http://www.heartviews.org/
Brain Circulation,Wolters Kluwer Medknow Publications,Free (MU Directory),Not Available,Not Indexed,http://www.braincirculation.org/
Acta Medica International,Wolters Kluwer Medknow Publications,Not Available,Not Available,Not Indexed,http://www.actamedicainternational.com/aboutus.asp
Journal of Pharmaceutical Analysis,Elsevier,  (DOAJ),Not Available,Indexed (Source File),http://www.journals.elsevier.com/journal-of-pharmaceutical-analysis/
Journal of Taibah University Medical Sciences,Elsevier,  (DOAJ),Not Available,Indexed (Source File),http://www.journals.elsevier.com/journal-of-taibah-university-medical-sciences/
Revista de Gastroenterología de México (English Edition),Elsevier,  (DOAJ),Not Available,Not Indexed,https://www.journals.elsevier.com/revista-de-gastroenterologia-de-mexico-english-edition/
Telangana Journal of Psychiatry,Wolters Kluwer Medknow Publications,Free (MU Directory),Not Available,Not Indexed,https://tjpipstsb.org/
Indian Journal of Rheumatology,Wolters Kluwer Medknow Publications,Free (MU Directory),Not Available,Indexed (Source File),http://www.indianjrheumatol.com/
Archives of Trauma Research,Wolters Kluwer Medknow Publications,Free (MU Directory),Not Available,Not Indexed,https://www.archtrauma.com/
Journal of the Scientific Society,Wolters Kluwer Medknow Publications,Free (MU Directory),Not Available,Not Indexed,http://jscisociety.com/
Cancer Translational Medicine,Wolters Kluwer Medknow Publications,  (DOAJ),Not Available,Not Indexed,http://www.cancertm.com/
Bali Journal of Anesthesiology,Wolters Kluwer Medknow Publications,Free (MU Directory),Not Available,Indexed (Source File),https://www.bjoaonline.com/
Saudi Journal of Anaesthesia,Wolters Kluwer Medknow Publications,Free (MU Directory),Not Available,Indexed (Source File),http://saudija.org/
Journal of Clinical and Scientific Research,Wolters Kluwer Medknow Publications,Free (MU Directory),Not Available,Not Indexed,https://www.jcsr.co.in/
Journal of Limb Lengthening & Reconstruction,Wolters Kluwer Medknow Publications,  (DOAJ),Not Available,Not Indexed,http://www.jlimblengthrecon.org/
Annals of Thoracic Medicine,Wolters Kluwer Medknow Publications,No APC (DOAJ),Not Available,Indexed (Source File),http://www.thoracicmedicine.org/
Promotion de la santé et prévention des maladies chroniques au Canada,Agence de la santé publique du Canada,No APC (DOAJ),Not Available,Not Indexed,https://www.canada.ca/fr/sante-publique/services/rapports-publications/promotion-sante-prevention-maladies-chroniques-canada-recherche-politiques-pratiques.html
Indian Journal of Anaesthesia,Wolters Kluwer Medknow Publications,Free (MU Directory),Not Available,Indexed (Source File),http://www.ijaweb.org/
Indian Journal of Urology,Wolters Kluwer Medknow Publications,Free (MU Directory),Not Available,Indexed (Source File),http://www.indianjurol.com/
Journal of Head & Neck Physicians and Surgeons,Wolters Kluwer Medknow Publications,Free (MU Directory),Not Available,Not Indexed,http://www.jhnps.org/
International Journal of Noncommunicable Diseases,Wolters Kluwer Medknow Publications,Free (MU Directory),Not Available,Not Indexed,http://www.ijncd.org/
Journal of the Practice of Cardiovascular Sciences,Wolters Kluwer Medknow Publications,Free (MU Directory),Not Available,Not Indexed,http://www.j-pcs.org/
Journal of Current Research in Scientific Medicine,Wolters Kluwer Medknow Publications,Free (MU Directory),Not Available,Not Indexed,http://www.jcrsmed.org/
Ancient Science of Life,Wolters Kluwer Medknow Publications,Free (MU Directory),Not Available,Not Indexed,http://ancientscienceoflife.org/
Journal of Optometry,Elsevier,  (DOAJ),first decision 5 days,Indexed (Source File),http://www.journalofoptometry.org/en
Journal of Medical Evidence,Wolters Kluwer Medknow Publications,Free (MU Directory),Not Available,Not Indexed,https://www.journaljme.org/
International Journal of the Cardiovascular Academy,Wolters Kluwer Medknow Publications,Free (MU Directory),Not Available,Not Indexed,http://www.ijcva.com/aboutus.asp
Journal of Cancer Research and Practice,Wolters Kluwer Medknow Publications,Free (MU Directory),Not Available,Not Indexed,http://www.ejcrp.org/
Journal of Indian Society of Periodontology,Wolters Kluwer Medknow Publications,Free (MU Directory),Not Available,Indexed (Source File),http://www.jisponline.com/
Indian Spine Journal,Wolters Kluwer Medknow Publications,Free (MU Directory),Not Available,Indexed (Source File),https://www.isjonline.com/
Saudi Journal of Medicine and Medical Sciences,Wolters Kluwer Medknow Publications,Free (MU Directory),Not Available,Indexed (Source File),http://www.sjmms.net/
Turkish Journal of Emergency Medicine,Wolters Kluwer Medknow Publications,Free (MU Directory),Not Available,Indexed (Website),https://www.turkjemergmed.com/
Annals of Indian Academy of Neurology,Wolters Kluwer Medknow Publications,Free (MU Directory),Not Available,Indexed (Source File),http://www.annalsofian.org/
Saudi Journal for Health Sciences,Wolters Kluwer Medknow Publications,Free (MU Directory),Not Available,Not Indexed,http://www.saudijhealthsci.org/
Journal of Anaesthesiology Clinical Pharmacology,Wolters Kluwer Medknow Publications,Free (MU Directory),Not Available,Indexed (Source File),http://www.joacp.org/
مجلة المستنصرية الطبية,Wolters Kluwer Medknow Publications,Not Available,Not Available,Not Indexed,http://www.mmjonweb.org/
Journal of Postgraduate Medicine,Wolters Kluwer Medknow Publications,Free (MU Directory),Not Available,Indexed (Source File),http://www.jpgmonline.com/
Journal of Obstetric Anaesthesia and Critical Care,Wolters Kluwer Medknow Publications,Free (MU Directory),Not Available,Not Indexed,http://www.joacc.com/
Endodontology,Wolters Kluwer Medknow Publications,Free (MU Directory),Not Available,Indexed (Source File),http://www.endodontologyonweb.org/
Journal of Dental Research and Review,Wolters Kluwer Medknow Publications,Free (MU Directory),Not Available,Not Indexed,http://www.jdrr.org/
Scientific Dental Journal,Wolters Kluwer Medknow Publications,Free (MU Directory),Not Available,Not Indexed,http://www.scidentj.com/
Vascular Investigation and Therapy,Wolters Kluwer Medknow Publications,Free (MU Directory),Not Available,Not Indexed,https://www.vitonline.org/
Asian Pacific Journal of Tropical Biomedicine,Wolters Kluwer Medknow Publications,Free (MU Directory),Not Available,Indexed (Source File),http://www.apjtb.org/
The Journal of Association of Chest Physicians,Wolters Kluwer Medknow Publications,Free (MU Directory),Not Available,Not Indexed,http://www.jacpjournal.org/
Journal of Mahatma Gandhi Institute of Medical Sciences,Wolters Kluwer Medknow Publications,Free (MU Directory),Not Available,Not Indexed,http://www.jmgims.co.in/
"Visual Computing for Industry, Biomedicine, and Art",SpringerOpen,Free (MU Directory),Not Available,Indexed (Website),http://vciba.springeropen.com/
Journal of Orthopaedic Diseases and Traumatology,Wolters Kluwer Medknow Publications,  (DOAJ),Not Available,Not Indexed,https://www.jodt.org/
Indian Journal of Nephrology,Wolters Kluwer Medknow Publications,Free (MU Directory),Not Available,Likely Indexed (Website),http://indianjnephrol.org/
Social Health and Behavior,Wolters Kluwer Medknow Publications,Free (MU Directory),Not Available,Not Indexed,http://www.shbonweb.com/
Journal of Traditional and Complementary Medicine,Elsevier,  (DOAJ),Not Available,Indexed (Source File),http://www.journals.elsevier.com/journal-of-traditional-and-complementary-medicine/
International Archives of Health Sciences,Wolters Kluwer Medknow Publications,Free (MU Directory),Not Available,Not Indexed,http://www.iahs.kaums.ac.ir/
International Journal of Advanced Medical and Health Research,Wolters Kluwer Medknow Publications,Free (MU Directory),Not Available,Not Indexed,http://www.ijamhrjournal.org/
Indian Journal of Dermatopathology and Diagnostic Dermatology,Wolters Kluwer Medknow Publications,Free (MU Directory),Not Available,Not Indexed,http://ijdpdd.com/
Indian Journal of Research in Homoeopathy,Wolters Kluwer Medknow Publications,Not Available,Not Available,Indexed (Source File),http://www.ijrh.org/
Taiwanese Journal of Psychiatry,Wolters Kluwer Medknow Publications,Free (MU Directory),Not Available,Not Indexed,https://www.e-tjp.org/
Journal of Integrative Nursing,Wolters Kluwer Medknow Publications,Free (MU Directory),Not Available,Indexed (Source File),https://www.journalin.org/
Indian Journal of Medical Research,Wolters Kluwer Medknow Publications,Free (MU Directory),Not Available,Indexed (Source File),http://www.ijmr.org.in/
Heart and Mind,Wolters Kluwer Medknow Publications,Free (MU Directory),Not Available,Not Indexed,https://www.heartmindjournal.org/
Journal of Oral Research and Review,Wolters Kluwer Medknow Publications,Free (MU Directory),Not Available,Not Indexed,http://www.jorr.org/
Journal of Indian Academy of Oral Medicine and Radiology,Wolters Kluwer Medknow Publications,  (DOAJ),Not Available,Indexed (Source File),http://www.jiaomr.in/
Iraqi Journal of Hematology,Wolters Kluwer Medknow Publications,Free (MU Directory),Not Available,Not Indexed,http://www.ijhonline.org/
BLDE University Journal of Health Sciences,Wolters Kluwer Medknow Publications,Free (MU Directory),Not Available,Not Indexed,http://www.bldeujournalhs.in/
Indian Journal of Vascular and Endovascular Surgery,Wolters Kluwer Medknow Publications,Free (MU Directory),Not Available,Not Indexed,http://www.indjvascsurg.org/
Journal of Cleft Lip Palate and Craniofacial Anomalies,Wolters Kluwer Medknow Publications,Free (MU Directory),Not Available,Not Indexed,http://www.jclpca.org/
Perspectives in Clinical Research,Wolters Kluwer Medknow Publications,Free (MU Directory),Not Available,Indexed (Source File),http://www.picronline.org/
Journal of Acute Disease,Wolters Kluwer Medknow Publications,Free (MU Directory),Not Available,Not Indexed,http://www.jadweb.org/aboutus.asp
Indian Journal of Burns,Wolters Kluwer Medknow Publications,Free (MU Directory),Not Available,Not Indexed,http://www.ijburns.com/
Journal of Current Ophthalmology,Wolters Kluwer Medknow Publications,Free (MU Directory),Not Available,Indexed (Source File),http://www.jcurrophthalmol.org/
Educación Médica,Elsevier,  (DOAJ),Not Available,Not Indexed,https://www.journals.elsevier.com/educacion-medica/
Journal of Applied Hematology,Wolters Kluwer Medknow Publications,  (DOAJ),Not Available,Indexed (Source File),http://www.jahjournal.org/
Journal of Ayurveda,Wolters Kluwer Medknow Publications,No APC (DOAJ),Not Available,Not Indexed,https://www.journayu.in/
Indian Journal of Dermatology,Wolters Kluwer Medknow Publications,Free (MU Directory),Not Available,Indexed (Source File),http://www.e-ijd.org/
Journal of Forensic Science and Medicine,Wolters Kluwer Medknow Publications,Free (MU Directory),Not Available,Indexed (Source File),http://www.jfsmonline.com/
Prostate International,Elsevier,  (DOAJ),Not Available,Indexed (Source File),http://www.journals.elsevier.com/prostate-international/
Journal of Medical Sciences,Wolters Kluwer Medknow Publications,Free (MU Directory),Not Available,Not Indexed,http://www.jmedscindmc.com/
Osteoporosis and Sarcopenia,Elsevier,No APC (DOAJ),Not Available,Not Indexed,http://www.journals.elsevier.com/osteoporosis-and-sarcopenia/
The Indian Anaesthetists' Forum,Wolters Kluwer Medknow Publications,Free (MU Directory),Not Available,Not Indexed,http://www.theiaforum.org/
MRIMS Journal of Health Sciences,Wolters Kluwer Medknow Publications,Free (MU Directory),Not Available,Not Indexed,http://mrimsjournal.com/
Journal of Marine Medical Society,Wolters Kluwer Medknow Publications,No APC (DOAJ),Not Available,Not Indexed,http://www.marinemedicalsociety.in/
Saudi Journal of Oral Sciences,Wolters Kluwer Medknow Publications,Free (MU Directory),Not Available,Not Indexed,http://www.saudijos.org/
Indian Journal of Social Psychiatry,Wolters Kluwer Medknow Publications,Free (MU Directory),Not Available,Not Indexed,http://www.indjsp.org/
Journal of the Egyptian Women’s Dermatologic Society,Wolters Kluwer Medknow Publications,No APC (DOAJ),Not Available,Not Indexed,https://www.jewd.eg.net/
APIK Journal of Internal Medicine,Wolters Kluwer Medknow Publications,Free (MU Directory),Not Available,Not Indexed,http://www.ajim.in/
Asian Journal of Transfusion Science,Wolters Kluwer Medknow Publications,Free (MU Directory),Not Available,Indexed (Source File),http://ajts.org/
Current Medical Issues,Wolters Kluwer Medknow Publications,Free (MU Directory),Not Available,Not Indexed,https://www.cmijournal.org/
Saudi Dental Journal,Elsevier,  (DOAJ),Not Available,Indexed (Source File),https://www.journals.elsevier.com/saudi-dental-journal/
Journal of Clinical and Preventive Cardiology,Wolters Kluwer Medknow Publications,Free (MU Directory),Not Available,Not Indexed,http://www.jcpconline.org/
"Hematology, Transfusion and Cell Therapy",Elsevier,No APC (DOAJ),Not Available,Indexed (Source File),https://www.journals.elsevier.com/hematology-transfusion-and-cell-therapy
Journal of Cutaneous and Aesthetic Surgery,Wolters Kluwer Medknow Publications,Free (MU Directory),Not Available,Likely Indexed (Website),http://www.jcasonline.com/
Gynecology and Minimally Invasive Therapy,Wolters Kluwer Medknow Publications,Free (MU Directory),Not Available,Indexed (Source File),http://www.e-gmit.com/
Indian Journal of Endocrinology and Metabolism,Wolters Kluwer Medknow Publications,Free (MU Directory),Not Available,Indexed (Source File),http://www.ijem.in/
Journal of Primary Care Specialties,Wolters Kluwer Medknow Publications,Free (MU Directory),Not Available,Not Indexed,https://www.jpcsonline.org/
Delta Journal of Ophthalmology,Wolters Kluwer Medknow Publications,Free (MU Directory),Not Available,Not Indexed,https://www.djo.eg.net/
The Journal of the International Society of Physical and Rehabilitation Medicine,Wolters Kluwer Medknow Publications,Free (MU Directory),Not Available,Not Indexed,https://www.jisprm.org/
Oman Journal of Ophthalmology,Wolters Kluwer Medknow Publications,Free (MU Directory),Not Available,Indexed (Source File),http://www.ojoonline.org/
Asian Pacific Journal of Reproduction,Wolters Kluwer Medknow Publications,Free (MU Directory),Not Available,Indexed (Source File),http://www.apjr.net/aboutus.asp
